"ID","SetNumber","URL","Images","Description","Notes","DashedNumber","Preselect"
"571","3300002","https://www.lego.com/biassets/bi/6008341.pdf","https://www.lego.com/biassets/biimg/6008341.png","Fire Place Scene","BI 3003/20 - 3300002 FIRE PLACE V46","3300002-1","fire"
"630","1248","https://www.lego.com/biassets/bi/4129320.pdf","https://www.lego.com/biassets/biimg/4129320.png","FIRE BOAT","BUILD. INST. FOR 1248","1248-1","fire"
"662","1294","https://www.lego.com/biassets/bi/4133285.pdf","https://www.lego.com/biassets/biimg/4133285.png","FIRE HELICOPTER","BUILD.INSTR. 1294","1294-1","fire"
"807","2235","https://www.lego.com/biassets/bi/4622252.pdf","https://www.lego.com/biassets/biimg/4622252.png","FIRE LORD","BI 3005/48 - 2235","2235-1","fire"
"859","2507","https://www.lego.com/biassets/bi/6020854.pdf","https://www.lego.com/biassets/biimg/6020854.png","Fire Temple","BI 3016 80+4*- 2507 3/3 29/39","2507-1","fire"
"860","2507","https://www.lego.com/biassets/bi/6020902.pdf","https://www.lego.com/biassets/biimg/6020902.png","Fire Temple","BI 3016 80+4*- 2507 3/3 29/39","2507-1","fire"
"861","2507","https://www.lego.com/biassets/bi/4645946.pdf","https://www.lego.com/biassets/biimg/4645946.png","Fire Temple","BI 3005/60 - 2507 V29/39 1/3","2507-1","fire"
"862","2507","https://www.lego.com/biassets/bi/4645947.pdf","https://www.lego.com/biassets/biimg/4645947.png","Fire Temple","BI 3016 80+4 - 2507 V29/39 2/3","2507-1","fire"
"863","2507","https://www.lego.com/biassets/bi/4645949.pdf","https://www.lego.com/biassets/biimg/4645949.png","Fire Temple","BI 3005/60 - 2507 V29/39 1/3","2507-1","fire"
"864","2507","https://www.lego.com/biassets/bi/4645950.pdf","https://www.lego.com/biassets/biimg/4645950.png","Fire Temple","BI 3016 80+4 - 2507 V29/39 2/3","2507-1","fire"
"963","3052","https://www.lego.com/biassets/bi/4124881.pdf","https://www.lego.com/biassets/biimg/4124881.png","Ninjas Fire Fortress","BUILDING INST. FOR 3052","3052-1","fire"
"4901","7670","https://www.lego.com/biassets/bi/4545597.pdf","https://www.lego.com/biassets/biimg/4545597.png","Hailfire Droid & Spider Droid ™","BI, 7670","7670-1","fire"
"5271","6138","https://www.lego.com/biassets/bi/4650595.pdf","https://www.lego.com/biassets/biimg/4650595.png","My First Fire Station","BI 3005/12 - 6138 V29","6138-1","fire"
"5272","6138","https://www.lego.com/biassets/bi/4655578.pdf","https://www.lego.com/biassets/biimg/4655578.png","My First Fire Station","No longer listed at LEGO.com","6138-1","fire"
"5273","6138","https://www.lego.com/biassets/bi/4645495.pdf","https://www.lego.com/biassets/biimg/4645495.png","My First Fire Station","BI 3005/12, 6138 V39","6138-1","fire"
"5301","6168","https://www.lego.com/biassets/bi/6003839.pdf","https://www.lego.com/biassets/biimg/6003839.png","Fire Station","BI 3005/16 GLUED, 6168 V29/V39","6168-1","fire"
"5311","6191","https://www.lego.com/biassets/bi/4547843.pdf","https://www.lego.com/biassets/biimg/4547843.png","LEGO™ Fire Fighter Building Set","BI 3001/24 - 6191 V39","6191-1","fire"
"5312","6191","https://www.lego.com/biassets/bi/4547838.pdf","https://www.lego.com/biassets/biimg/4547838.png","LEGO™ Fire Fighter Building Set","BI 3001/24 - 6191 - V29","6191-1","fire"
"5448","6407","https://www.lego.com/biassets/bi/4109219.pdf","https://www.lego.com/biassets/biimg/4109219.png","FIRE CHIEF CAR","BUILDINST.FIRE CHIEF  CAR 6407","6407-1","fire"
"5466","6429","https://www.lego.com/biassets/bi/4123526.pdf","https://www.lego.com/biassets/biimg/4123526.png","Fire-fighting boat","BUILDINST.FOR 6429 FIREBOAT1/2","6429-1","fire"
"5467","6429","https://www.lego.com/biassets/bi/4123527.pdf","https://www.lego.com/biassets/biimg/4123527.png","Fire-fighting boat","BUIL.INST. 6429 RUBBERBOAT 2/2","6429-1","fire"
"5537","6477","https://www.lego.com/biassets/bi/4128879.pdf","https://www.lego.com/biassets/biimg/4128879.png","Superpower Fire Engine","BUILD.INST.FOR 6477 LIFT  2/3","6477-1","fire"
"5538","6477","https://www.lego.com/biassets/bi/4128880.pdf","https://www.lego.com/biassets/biimg/4128880.png","Superpower Fire Engine","BUILD. INST. 6477 TRAILER 3/3","6477-1","fire"
"5539","6477","https://www.lego.com/biassets/bi/4128881.pdf","https://www.lego.com/biassets/biimg/4128881.png","Superpower Fire Engine","BUILD. INST. 6477 FRONT 1/3","6477-1","fire"
"5540","6478","https://www.lego.com/biassets/bi/4128873.pdf","https://www.lego.com/biassets/biimg/4128873.png","Fire Station","BUILD.INST.6478 HELICOPTER 5/6","6478-1","fire"
"5541","6478","https://www.lego.com/biassets/bi/4128874.pdf","https://www.lego.com/biassets/biimg/4128874.png","Fire Station","BUILD.INST.6478 MOTORCYCLE 6/6","6478-1","fire"
"5542","6478","https://www.lego.com/biassets/bi/4128875.pdf","https://www.lego.com/biassets/biimg/4128875.png","Fire Station","BUILD.INSTR.6478 CONTR.TOW.4/6","6478-1","fire"
"5543","6478","https://www.lego.com/biassets/bi/4128876.pdf","https://www.lego.com/biassets/biimg/4128876.png","Fire Station","BUILD.INST.6478 GARAGE 2 2/6","6478-1","fire"
"5544","6478","https://www.lego.com/biassets/bi/4128877.pdf","https://www.lego.com/biassets/biimg/4128877.png","Fire Station","BUILDINST. 6478 GARAGE 1 1/6","6478-1","fire"
"5545","6478","https://www.lego.com/biassets/bi/4128878.pdf","https://www.lego.com/biassets/biimg/4128878.png","Fire Station","BUILD.INST.6478 LADDER CAR 3/6","6478-1","fire"
"5548","6486","https://www.lego.com/biassets/bi/4109196.pdf","https://www.lego.com/biassets/biimg/4109196.png","FIRE CAR","BUILD. INSTR. FIRE ENGINE 6486","6486-1","fire"
"5549","6486","https://www.lego.com/biassets/bi/4109197.pdf","https://www.lego.com/biassets/biimg/4109197.png","FIRE CAR","BUILD. INSTR. TRAILER 6486","6486-1","fire"
"5578","6554","https://www.lego.com/biassets/bi/4109207.pdf","https://www.lego.com/biassets/biimg/4109207.png","FIRE STATION","BUILDINSTR. FIRE STATION 6554","6554-1","fire"
"5579","6554","https://www.lego.com/biassets/bi/4109208.pdf","https://www.lego.com/biassets/biimg/4109208.png","FIRE STATION","BUILDINS. FIRE STATION (1)6554","6554-1","fire"
"5580","6554","https://www.lego.com/biassets/bi/4109209.pdf","https://www.lego.com/biassets/biimg/4109209.png","FIRE STATION","BUILDINST. FIRE STATION(2)6554","6554-1","fire"
"5581","6554","https://www.lego.com/biassets/bi/4109210.pdf","https://www.lego.com/biassets/biimg/4109210.png","FIRE STATION","BUILD. INSTR. FIRE ENGINE 6554","6554-1","fire"
"5582","6554","https://www.lego.com/biassets/bi/4109211.pdf","https://www.lego.com/biassets/biimg/4109211.png","FIRE STATION","BUILD. INSTR. TRUCK 6554","6554-1","fire"
"5583","6554","https://www.lego.com/biassets/bi/4109212.pdf","https://www.lego.com/biassets/biimg/4109212.png","FIRE STATION","BUILD. INSTR. HELIKOPTER 6554","6554-1","fire"
"5608","6580","https://www.lego.com/biassets/bi/4115751.pdf","https://www.lego.com/biassets/biimg/4115751.png","Fireball","BUILDING INSTR. 6580","6580-1","fire"
"5678","6752","https://www.lego.com/biassets/bi/4561939.pdf","https://www.lego.com/biassets/biimg/4561939.png","Fire Rescue","BI 3006/80+4 - 6752 1/3","6752-1","fire"
"5679","6752","https://www.lego.com/biassets/bi/4561942.pdf","https://www.lego.com/biassets/biimg/4561942.png","Fire Rescue","BI 3006/80+4 - 6752 3/3","6752-1","fire"
"5680","6752","https://www.lego.com/biassets/bi/4565178.pdf","https://www.lego.com/biassets/biimg/4565178.png","Fire Rescue","BI 3006/72+4 - 6752 2/3","6752-1","fire"
"3913","10197","https://www.lego.com/biassets/bi/4565201.pdf","https://www.lego.com/biassets/biimg/4565201.png","Fire Brigade","BI 3006/80+4 -10197 V46/39 1/2","10197-1","fire"
"3914","10197","https://www.lego.com/biassets/bi/4565202.pdf","https://www.lego.com/biassets/biimg/4565202.png","Fire Brigade","BI 3006/60+4 -10197 V46/39 2/2","10197-1","fire"
"3915","10197","https://www.lego.com/biassets/bi/4657775.pdf","https://www.lego.com/biassets/biimg/4657775.png","Fire Brigade","BI 3006/60+4 10197 V46/39 2/2","10197-1","fire"
"3916","10197","https://www.lego.com/biassets/bi/4657774.pdf","https://www.lego.com/biassets/biimg/4657774.png","Fire Brigade","BI 3006/80+4 -10197 V46/39 1/2","10197-1","fire"
"4068","6911","https://www.lego.com/biassets/bi/4656121.pdf","https://www.lego.com/biassets/biimg/4656121.png","Mini Fire Rescue","BI 9004/24 - 6911 V29/39","6911-1","fire"
"4069","6911","https://www.lego.com/biassets/bi/4656120.pdf","https://www.lego.com/biassets/biimg/4656120.png","Mini Fire Rescue","BI 9004/24 - 6911 V29/39","6911-1","fire"
"4162","7043","https://www.lego.com/biassets/bi/4227671.pdf","https://www.lego.com/biassets/biimg/4227671.png","Firefighter","BUILDING INSTR.  7043","7043-1","fire"
"4165","7046","https://www.lego.com/biassets/bi/4227675.pdf","https://www.lego.com/biassets/biimg/4227675.png","Fire Command Craft","BI 7046","7046-1","fire"
"4329","7206","https://www.lego.com/biassets/bi/4585444.pdf","https://www.lego.com/biassets/biimg/4585444.png","Fire Helicopter","BI 3005/56-7206 V.29 2/2","7206-1","fire"
"4330","7206","https://www.lego.com/biassets/bi/4585447.pdf","https://www.lego.com/biassets/biimg/4585447.png","Fire Helicopter","BI 3005/56-7206 V.39 2/2","7206-1","fire"
"4331","7206","https://www.lego.com/biassets/bi/4585161.pdf","https://www.lego.com/biassets/biimg/4585161.png","Fire Helicopter","BI 3004/32 - 7206 V.29 1/2","7206-1","fire"
"4332","7206","https://www.lego.com/biassets/bi/4585162.pdf","https://www.lego.com/biassets/biimg/4585162.png","Fire Helicopter","BI 3004/32 - 7206 V.39 1/2","7206-1","fire"
"4333","7207","https://www.lego.com/biassets/bi/4584494.pdf","https://www.lego.com/biassets/biimg/4584494.png","Fire Boat","BI 3006/64 - 7207 V. 39","7207-1","fire"
"4334","7207","https://www.lego.com/biassets/bi/4584493.pdf","https://www.lego.com/biassets/biimg/4584493.png","Fire Boat","BI 3006/64 - 7207 V. 29","7207-1","fire"
"4335","7208","https://www.lego.com/biassets/bi/4585077.pdf","https://www.lego.com/biassets/biimg/4585077.png","Fire Station","BI 3010/24 - 7208 V.29 1/4","7208-1","fire"
"4337","7208","https://www.lego.com/biassets/bi/4585083.pdf","https://www.lego.com/biassets/biimg/4585083.png","Fire Station","BI 3004/52 - 7208 V.29 2/4","7208-1","fire"
"4338","7208","https://www.lego.com/biassets/bi/4585084.pdf","https://www.lego.com/biassets/biimg/4585084.png","Fire Station","BI 3004/52 - 7208 V.39 2/4","7208-1","fire"
"4339","7208","https://www.lego.com/biassets/bi/4585086.pdf","https://www.lego.com/biassets/biimg/4585086.png","Fire Station","BI 3006/64 - 7208 V.29 3/4","7208-1","fire"
"4340","7208","https://www.lego.com/biassets/bi/4585088.pdf","https://www.lego.com/biassets/biimg/4585088.png","Fire Station","BI 3006/64 - 7208 V.39 3/4","7208-1","fire"
"4341","7208","https://www.lego.com/biassets/bi/4585090.pdf","https://www.lego.com/biassets/biimg/4585090.png","Fire Station","BI 3006/36 - 7208 V.29 4/4","7208-1","fire"
"4342","7208","https://www.lego.com/biassets/bi/4585091.pdf","https://www.lego.com/biassets/biimg/4585091.png","Fire Station","BI 3006/36 - 7208 V.39 4/4","7208-1","fire"
"4343","7208","https://www.lego.com/biassets/bi/4626058.pdf","https://www.lego.com/biassets/biimg/4626058.png","Fire Station","BI 3010/24 - 7208 V.39 1/4","7208-1","fire"
"4347","7213","https://www.lego.com/biassets/bi/4585174.pdf","https://www.lego.com/biassets/biimg/4585174.png","Off-road Fire Truck & Fireboat","BI 3004/32 - 7213 V.29/110 1/2","7213-1","fire"
"4348","7213","https://www.lego.com/biassets/bi/4585176.pdf","https://www.lego.com/biassets/biimg/4585176.png","Off-road Fire Truck & Fireboat","BI 3004/32 - 7213 V.39 1/2","7213-1","fire"
"4349","7213","https://www.lego.com/biassets/bi/4585177.pdf","https://www.lego.com/biassets/biimg/4585177.png","Off-road Fire Truck & Fireboat","BI 3005/60 - 7213 V.29/110 2/2","7213-1","fire"
"4350","7213","https://www.lego.com/biassets/bi/4585178.pdf","https://www.lego.com/biassets/biimg/4585178.png","Off-road Fire Truck & Fireboat","BI 3005/60 - 7213 V.39 2/2","7213-1","fire"
"4351","7213","https://www.lego.com/biassets/bi/4626060.pdf","https://www.lego.com/biassets/biimg/4626060.png","Off-road Fire Truck & Fireboat","No longer listed at LEGO.com","7213-1","fire"
"4377","7238","https://www.lego.com/biassets/bi/4264994.pdf","https://www.lego.com/biassets/biimg/4264994.png","City Fire","BUILDINGINSTRUCTION, 7238","7238-1","fire"
"4378","7238","https://www.lego.com/biassets/bi/4269716.pdf","https://www.lego.com/biassets/biimg/4269716.png","Fire Helicopter","BI, 7238 NA","7238-1","fire"
"4384","7239","https://www.lego.com/biassets/bi/4586967.pdf","https://www.lego.com/biassets/biimg/4586967.png","Fire Truck","BI 3004/48 - 7239 IN 1/2","7239-1","fire"
"4385","7239","https://www.lego.com/biassets/bi/4586968.pdf","https://www.lego.com/biassets/biimg/4586968.png","Fire Truck","BI 3004/48 - 7239 NA 1/2","7239-1","fire"
"4388","7240","https://www.lego.com/biassets/bi/4264998.pdf","https://www.lego.com/biassets/biimg/4264998.png","Fire Station","BI 7240/1","7240-1","fire"
"4389","7240","https://www.lego.com/biassets/bi/4264999.pdf","https://www.lego.com/biassets/biimg/4264999.png","Fire Station","BUILDINGINSTR. 7240/2","7240-1","fire"
"4390","7240","https://www.lego.com/biassets/bi/4265000.pdf","https://www.lego.com/biassets/biimg/4265000.png","Fire Station","BUILDINGINSTR. 7240/3","7240-1","fire"
"4391","7240","https://www.lego.com/biassets/bi/4265001.pdf","https://www.lego.com/biassets/biimg/4265001.png","Fire Station","BUILDINGINSTR. 7240/4","7240-1","fire"
"4393","7241","https://www.lego.com/biassets/bi/4269710.pdf","https://www.lego.com/biassets/biimg/4269710.png","Fire Car","BI, 7241 NA","7241-1","fire"
"4604","7475","https://www.lego.com/biassets/bi/4285871.pdf","https://www.lego.com/biassets/biimg/4285871.png","Fire Hammer vs. Mutant Lizards","BI, 7475","7475-1","fire"
"5920","4208","https://www.lego.com/biassets/bi/6002470.pdf","https://www.lego.com/biassets/biimg/6002470.png","VP City Fire","BI 3004/80+4*-4208 V29 1/1","4208-1","fire"
"5921","4208","https://www.lego.com/biassets/bi/6002471.pdf","https://www.lego.com/biassets/biimg/6002471.png","4x4 Fire Truck","BI 3004/80+4*-4208 V39 1/1","4208-1","fire"
"5922","4209","https://www.lego.com/biassets/bi/6015558.pdf","https://www.lego.com/biassets/biimg/6015558.png","VP City Fire","BI 3004 60/ 4209 V29 1/2","4209-1","fire"
"5923","4209","https://www.lego.com/biassets/bi/6015562.pdf","https://www.lego.com/biassets/biimg/6015562.png","Fire Plane","BI 3004 60/-4209 V39 1/2","4209-1","fire"
"5924","4209","https://www.lego.com/biassets/bi/6015560.pdf","https://www.lego.com/biassets/biimg/6015560.png","VP City Fire","BI 3019/72+4*-4209 V29 2/2","4209-1","fire"
"5925","4209","https://www.lego.com/biassets/bi/6015564.pdf","https://www.lego.com/biassets/biimg/6015564.png","Fire Plane","BI 3019/72+4*-4209 V39 2/2","4209-1","fire"
"5996","4427","https://www.lego.com/biassets/bi/6005497.pdf","https://www.lego.com/biassets/biimg/6005497.png","VP City Fire","BI 3001/20 - 4427 V29","4427-1","fire"
"5997","4427","https://www.lego.com/biassets/bi/6005500.pdf","https://www.lego.com/biassets/biimg/6005500.png","Fire ATV","BI 3001/20 - 4427 V39","4427-1","fire"
"6005","4430","https://www.lego.com/biassets/bi/6002586.pdf","https://www.lego.com/biassets/biimg/6002586.png","Fire Transporter","BI 3004/52 -4430 V29 1/3","4430-1","fire"
"6006","4430","https://www.lego.com/biassets/bi/6002589.pdf","https://www.lego.com/biassets/biimg/6002589.png","Fire Transporter","BI 3004/52 -4430 V29 2/3","4430-1","fire"
"6007","4430","https://www.lego.com/biassets/bi/6002588.pdf","https://www.lego.com/biassets/biimg/6002588.png","Fire Transporter","BI 3004/52 -4430 V39 1/3","4430-1","fire"
"6008","4430","https://www.lego.com/biassets/bi/6002590.pdf","https://www.lego.com/biassets/biimg/6002590.png","Fire Transporter","BI 3004/52 -4430 V39 2/3","4430-1","fire"
"6009","4430","https://www.lego.com/biassets/bi/6002591.pdf","https://www.lego.com/biassets/biimg/6002591.png","Fire Transporter","BI 3016/44-65G-4430 V29 3/3","4430-1","fire"
"6010","4430","https://www.lego.com/biassets/bi/6002592.pdf","https://www.lego.com/biassets/biimg/6002592.png","Fire Transporter","BI 3016/44-65G-4430 V39 3/3","4430-1","fire"
"2573","7703","https://www.lego.com/biassets/bi/4494711.pdf","https://www.lego.com/biassets/biimg/4494711.png","Fire Vulture","BI  7703","7703-1","fire"
"2776","7891","https://www.lego.com/biassets/bi/4297925.pdf","https://www.lego.com/biassets/biimg/4297925.png","Airport Firetruck","BI  7891 NA","7891-1","fire"
"2839","7902","https://www.lego.com/biassets/bi/4294925.pdf","https://www.lego.com/biassets/biimg/4294925.png","City Fire","BIIOn, 7902 IN","7902-1","fire"
"2847","7906","https://www.lego.com/biassets/bi/4505977.pdf","https://www.lego.com/biassets/biimg/4505977.png","Fireboat","BUILDING INSTR. 3006, 7906 IN","7906-1","fire"
"2848","7906","https://www.lego.com/biassets/bi/4505978.pdf","https://www.lego.com/biassets/biimg/4505978.png","Fireboat","BUILDING INSTR. 3006, 7906 NA","7906-1","fire"
"2923","7942","https://www.lego.com/biassets/bi/4586971.pdf","https://www.lego.com/biassets/biimg/4586971.png","Police/Fire 1","BI 3004/24 - 7942 V.29","7942-1","fire"
"2924","7942","https://www.lego.com/biassets/bi/4586972.pdf","https://www.lego.com/biassets/biimg/4586972.png","Off Road Fire Rescue","BI 3004/24 - 7942 V.39","7942-1","fire"
"2927","7944","https://www.lego.com/biassets/bi/4519202.pdf","https://www.lego.com/biassets/biimg/4519202.png","Fire Hovercraft","BI 7944 IN","7944-1","fire"
"2928","7944","https://www.lego.com/biassets/bi/4519203.pdf","https://www.lego.com/biassets/biimg/4519203.png","Fire Hovercraft","BI 7944 NA","7944-1","fire"
"2929","7945","https://www.lego.com/biassets/bi/4506909.pdf","https://www.lego.com/biassets/biimg/4506909.png","Fire Station","BUILDING INST.1/3 ART. 7945","7945-1","fire"
"2930","7945","https://www.lego.com/biassets/bi/4506911.pdf","https://www.lego.com/biassets/biimg/4506911.png","Fire Station","BUILDING INSTR. 2/3 ART. 7945","7945-1","fire"
"2931","7945","https://www.lego.com/biassets/bi/4506913.pdf","https://www.lego.com/biassets/biimg/4506913.png","Fire Station","BUILDING INST.3/3 ART.7945, NA","7945-1","fire"
"2932","7945","https://www.lego.com/biassets/bi/4506912.pdf","https://www.lego.com/biassets/biimg/4506912.png","Fire Station","BUILDING INST.3/3 ART.7945, IN","7945-1","fire"
"3282","8136","https://www.lego.com/biassets/bi/4503263.pdf","https://www.lego.com/biassets/biimg/4503263.png","Fire Crusher","BI - 8136 IN","8136-1","fire"
"3283","8136","https://www.lego.com/biassets/bi/4503324.pdf","https://www.lego.com/biassets/biimg/4503324.png","Fire Crusher","BI - 8136 NA","8136-1","fire"
"3351","8188","https://www.lego.com/biassets/bi/4584670.pdf","https://www.lego.com/biassets/biimg/4584670.png","Fire Blaster","BI 3003/24 - 8188 V 29","8188-1","fire"
"3352","8188","https://www.lego.com/biassets/bi/4584671.pdf","https://www.lego.com/biassets/biimg/4584671.png","Fire Blaster","BI 3003/24 - 8188 V 39","8188-1","fire"
"1335","3829","https://www.lego.com/biassets/bi/4498011.pdf","https://www.lego.com/biassets/biimg/4498011.png","Fire Nation Ship","BI  3829 V39","3829-1","fire"
"1336","3829","https://www.lego.com/biassets/bi/4498012.pdf","https://www.lego.com/biassets/biimg/4498012.png","Fire Nation Ship","BI  3829 V29","3829-1","fire"
"1478","8255","https://www.lego.com/biassets/bi/4129104.pdf","https://www.lego.com/biassets/biimg/4129104.png","Fire Helicopter","BUILDING INSTR. FOR 8255","8255-1","fire"
"1543","8280","https://www.lego.com/biassets/bi/877118.pdf","https://www.lego.com/biassets/biimg/877118.png","FIRE ENGINE","No longer listed at LEGO.com","8280-1","fire"
"1577","8289","https://www.lego.com/biassets/bi/4503234.pdf","https://www.lego.com/biassets/biimg/4503234.png","Fire Truck","BI - 8289 - MODEL 1 - 1/3","8289-1","fire"
"1578","8289","https://www.lego.com/biassets/bi/4503237.pdf","https://www.lego.com/biassets/biimg/4503237.png","Fire Truck","BI - 8289 - MODEL 1 - 2/3","8289-1","fire"
"1579","8289","https://www.lego.com/biassets/bi/4503238.pdf","https://www.lego.com/biassets/biimg/4503238.png","Fire Truck","BI - 8289 - MODEL 1 - 3/3","8289-1","fire"
"1580","8289","https://www.lego.com/biassets/bi/4503243.pdf","https://www.lego.com/biassets/biimg/4503243.png","Fire Truck","BI - MODEL 2 - 1/2 IN","8289-1","fire"
"1581","8289","https://www.lego.com/biassets/bi/4503244.pdf","https://www.lego.com/biassets/biimg/4503244.png","Fire Truck","BI - 8289 - MODEL 2 - 1/2 NA","8289-1","fire"
"1582","8289","https://www.lego.com/biassets/bi/4503246.pdf","https://www.lego.com/biassets/biimg/4503246.png","Fire Truck","BI - 8289 - MODEL 2 - 2/2","8289-1","fire"
"1679","8410","https://www.lego.com/biassets/bi/4581379.pdf","https://www.lego.com/biassets/biimg/4581379.png","Swampfire","BI 3002/24 - 8410 - V39","8410-1","fire"
"1680","8410","https://www.lego.com/biassets/bi/4580971.pdf","https://www.lego.com/biassets/biimg/4580971.png","Swampfire","BI 3002/24 - 8410 - V29","8410-1","fire"
"1796","8494","https://www.lego.com/biassets/bi/4526846.pdf","https://www.lego.com/biassets/biimg/4526846.png","Ring of Fire","BI, 8494","8494-1","fire"
"1801","8500","https://www.lego.com/biassets/bi/4124712.pdf","https://www.lego.com/biassets/biimg/4124712.png","Fire Slizer","BUILDING INSTR. 8500 IN","8500-1","fire"
"1802","8500","https://www.lego.com/biassets/bi/4125008.pdf","https://www.lego.com/biassets/biimg/4125008.png","Fire Slizer","No longer listed at LEGO.com","8500-1","fire"
"2042","8669","https://www.lego.com/biassets/bi/4292853.pdf","https://www.lego.com/biassets/biimg/4292853.png","Fire Spinner 360","BI 8669","8669-1","fire"
"2286","8873","https://www.lego.com/biassets/bi/4281691.pdf","https://www.lego.com/biassets/biimg/4281691.png","Fireball Catapult","BUILDING INSTRUC.3001art8873IN","8873-1","fire"
"2287","8873","https://www.lego.com/biassets/bi/4281695.pdf","https://www.lego.com/biassets/biimg/4281695.png","Fireball Catapult","BI 8873 NA","8873-1","fire"
"6069","4481","https://www.lego.com/biassets/bi/4206858.pdf","https://www.lego.com/biassets/biimg/4206858.png","Hailfire Droid ™","BI  4481","4481-1","fire"
"6254","4657","https://www.lego.com/biassets/bi/4234999.pdf","https://www.lego.com/biassets/biimg/4234999.png","Fire Squad HQ","BI, 4657 IN","4657-1","fire"
"6255","4657","https://www.lego.com/biassets/bi/4235789.pdf","https://www.lego.com/biassets/biimg/4235789.png","Fire Squad HQ","BI, 4657 NA","4657-1","fire"
"6371","4807","https://www.lego.com/biassets/bi/4132928.pdf","https://www.lego.com/biassets/biimg/4132928.png","FIRE ATTACK","BUILD.INST FOR 4807/1288","4807-1","fire"
"6461","4900","https://www.lego.com/biassets/bi/4534642.pdf","https://www.lego.com/biassets/biimg/4534642.png","Fire Helicopter","BUILD. INSTR. 2001, 4900 IN","4900-1","fire"
"6462","4900","https://www.lego.com/biassets/bi/4615060.pdf","https://www.lego.com/biassets/biimg/4615060.png","Fire Helicopter","BI 2001/ 2 - 4900 V141","4900-1","fire"
"6463","4900","https://www.lego.com/biassets/bi/4650605.pdf","https://www.lego.com/biassets/biimg/4650605.png","Fire Helicopter","BI 2001/ 2 - 4900 V 140","4900-1","fire"
"6464","4900","https://www.lego.com/biassets/bi/4650685.pdf","https://www.lego.com/biassets/biimg/4650685.png","Fire Helicopter","BI 2001/ 2 - 4900 V 142","4900-1","fire"
"6473","4914","https://www.lego.com/biassets/bi/4286453.pdf","https://www.lego.com/biassets/biimg/4286453.png","Firemans Car","No longer listed at LEGO.com","4914-1","fire"
"6474","4914","https://www.lego.com/biassets/bi/4285695.pdf","https://www.lego.com/biassets/biimg/4285695.png","Firemans Car","No longer listed at LEGO.com","4914-1","fire"
"6491","4938","https://www.lego.com/biassets/bi/4516778.pdf","https://www.lego.com/biassets/biimg/4516778.png","Fire 4x4","BUILD. INSTR.  2001,4938 Quick","4938-1","fire"
"6492","4938","https://www.lego.com/biassets/bi/4522792.pdf","https://www.lego.com/biassets/biimg/4522792.png","Fire 4x4","No longer listed at LEGO.com","4938-1","fire"
"6550","4992","https://www.lego.com/biassets/bi/4517054.pdf","https://www.lego.com/biassets/biimg/4517054.png","Fire Boat","BUILD.INSTR.2001,4992 vers. 90","4992-1","fire"
"6551","4992","https://www.lego.com/biassets/bi/4507836.pdf","https://www.lego.com/biassets/biimg/4507836.png","Fire Boat","BUILD. INSTR. 4992, vers.29-39","4992-1","fire"
"6636","5601","https://www.lego.com/biassets/bi/4527353.pdf","https://www.lego.com/biassets/biimg/4527353.png","Fire Station","BUILDING INTRUC.3006,5601","5601-1","fire"
"6649","5610","https://www.lego.com/biassets/bi/4522912.pdf","https://www.lego.com/biassets/biimg/4522912.png","Police/Fire/Rescue","BUILD INSTR  2001, 5610 IN","5610-1","fire"
"6655","5613","https://www.lego.com/biassets/bi/4523837.pdf","https://www.lego.com/biassets/biimg/4523837.png","Firefighter","BUILD INSTR 2001, 5613 NA","5613-1","fire"
"6656","5613","https://www.lego.com/biassets/bi/4522915.pdf","https://www.lego.com/biassets/biimg/4522915.png","Firefighter","BUILD INSTR  2001,  5613 IN","5613-1","fire"
"6841","10538","https://www.lego.com/biassets/bi/6089905.pdf","https://www.lego.com/biassets/biimg/6089905.png","Fire and Rescue Team","BI 3022 / 16 - 10538 V29","10538-1","fire"
"6842","10538","https://www.lego.com/biassets/bi/6089908.pdf","https://www.lego.com/biassets/biimg/6089908.png","Fire and Rescue Team","BI 3022 / 16 - 10538 V39","10538-1","fire"
"6891","10592","https://www.lego.com/biassets/bi/6128754.pdf","https://www.lego.com/biassets/biimg/6128754.png","Fire Truck","BI 3004/12/65g 10592 V29","10592-1","fire"
"6892","10592","https://www.lego.com/biassets/bi/6128755.pdf","https://www.lego.com/biassets/biimg/6128755.png","Fire Truck","BI 3004/12/65g 10592 V39","10592-1","fire"
"6893","10593","https://www.lego.com/biassets/bi/6128881.pdf","https://www.lego.com/biassets/biimg/6128881.png","Fire Station","BI 3017 / 24 - 65g 10593 V29","10593-1","fire"
"6894","10593","https://www.lego.com/biassets/bi/6128883.pdf","https://www.lego.com/biassets/biimg/6128883.png","Fire Station","BI 3017 / 24 - 65g 10593 V39","10593-1","fire"
"6939","10661","https://www.lego.com/biassets/bi/6033894.pdf","https://www.lego.com/biassets/biimg/6033894.png","My First LEGO™ Fire Station","BI 3001/24 - 10661 V29","10661-1","fire"
"6940","10661","https://www.lego.com/biassets/bi/6033896.pdf","https://www.lego.com/biassets/biimg/6033896.png","My First LEGO™ Fire Station","BI 3001/24 - 10661 V39","10661-1","fire"
"6959","10671","https://www.lego.com/biassets/bi/6092020.pdf","https://www.lego.com/biassets/biimg/6092020.png","Fire Emergency","BI 3004/48 - 10671 V29","10671-1","fire"
"6960","10671","https://www.lego.com/biassets/bi/6092021.pdf","https://www.lego.com/biassets/biimg/6092021.png","Fire Emergency","BI 3004/48 - 10671 V39","10671-1","fire"
"6991","10685","https://www.lego.com/biassets/bi/6114607.pdf","https://www.lego.com/biassets/biimg/6114607.png","Fire Suitcase","BI 3003/36 - 10685 V29","10685-1","fire"
"6992","10685","https://www.lego.com/biassets/bi/6114609.pdf","https://www.lego.com/biassets/biimg/6114609.png","Fire Suitcase","BI 3003/36 - 10685 V39","10685-1","fire"
"7081","10740","https://www.lego.com/biassets/bi/6182779.pdf","https://www.lego.com/biassets/biimg/6182779.png","Fire Patrol Suitcase","BI 3003, 56/65G, 10740 V29","10740-1","fire"
"7082","10740","https://www.lego.com/biassets/bi/6182780.pdf","https://www.lego.com/biassets/biimg/6182780.png","Fire Patrol Suitcase","BI 3003, 56/65G, 10740 V39","10740-1","fire"
"7274","20002","https://www.lego.com/biassets/bi/4532867.pdf","https://www.lego.com/biassets/biimg/4532867.png","Fire Car","BUILD INSTR. 3001, 20002 NA","20002-1","fire"
"7604","30001","https://www.lego.com/biassets/bi/4563455.pdf","https://www.lego.com/biassets/biimg/4563455.png","Firemans Car","BI 2001/ 2 - 30001 V 29/70","30001-1","fire"
"7621","30010","https://www.lego.com/biassets/bi/4603214.pdf","https://www.lego.com/biassets/biimg/4603214.png","Fire Chief","BI 2001/ 2 - 30010 v91","30010-1","fire"
"7622","30010","https://www.lego.com/biassets/bi/4603216.pdf","https://www.lego.com/biassets/biimg/4603216.png","Fire Chief","BI 2001/ 2 - 30010 V39","30010-1","fire"
"7623","30010","https://www.lego.com/biassets/bi/4586881.pdf","https://www.lego.com/biassets/biimg/4586881.png","Fire Chief","BI 2001 30010V.29/110/111/112","30010-1","fire"
"7624","30010","https://www.lego.com/biassets/bi/6020347.pdf","https://www.lego.com/biassets/biimg/6020347.png","Fire Chief","BI 2001/ 2 - 30010 V113","30010-1","fire"
"7625","30010","https://www.lego.com/biassets/bi/4631628.pdf","https://www.lego.com/biassets/biimg/4631628.png","Fire Chief","BI 2001/ 2 - 30010 V. 141","30010-1","fire"
"7626","30010","https://www.lego.com/biassets/bi/4631672.pdf","https://www.lego.com/biassets/biimg/4631672.png","Fire Chief","BI 2001/ 2 - 30010 V. 143","30010-1","fire"
"7627","30010","https://www.lego.com/biassets/bi/4648665.pdf","https://www.lego.com/biassets/biimg/4648665.png","Fire Chief","No longer listed at LEGO.com","30010-1","fire"
"7628","30010","https://www.lego.com/biassets/bi/4648664.pdf","https://www.lego.com/biassets/biimg/4648664.png","Fire Chief","No longer listed at LEGO.com","30010-1","fire"
"7644","30019","https://www.lego.com/biassets/bi/6002780.pdf","https://www.lego.com/biassets/biimg/6002780.png","Fire Helicopter","BI 2002/ 2 -30019 V29","30019-1","fire"
"7645","30019","https://www.lego.com/biassets/bi/6028675.pdf","https://www.lego.com/biassets/biimg/6028675.png","Fire Helicopter","BI 2002/ 2 - 30019 V 46","30019-1","fire"
"7871","30220","https://www.lego.com/biassets/bi/6036457.pdf","https://www.lego.com/biassets/biimg/6036457.png","Fire Speedboat","BI 2002/ 2 - 30220 V29","30220-1","fire"
"7872","30220","https://www.lego.com/biassets/bi/6036458.pdf","https://www.lego.com/biassets/biimg/6036458.png","Fire Speedboat","BI 2002/ 2 - 30220 V39","30220-1","fire"
"7873","30221","https://www.lego.com/biassets/bi/6036459.pdf","https://www.lego.com/biassets/biimg/6036459.png","Fire Car","BI 2001/ 2 - 30221 V29","30221-1","fire"
"7874","30221","https://www.lego.com/biassets/bi/6036460.pdf","https://www.lego.com/biassets/biimg/6036460.png","Fire Car","BI 2001/ 2 - 30221 V39","30221-1","fire"
"7915","30259","https://www.lego.com/biassets/bi/6115010.pdf","https://www.lego.com/biassets/biimg/6115010.png","Azaris Magic Fire","BI 2002/ 2 - 30259 V29","30259-1","fire"
"7916","30259","https://www.lego.com/biassets/bi/6115011.pdf","https://www.lego.com/biassets/biimg/6115011.png","Azaris Magic Fire","BI 2002/ 2 - 30259 V39","30259-1","fire"
"7919","30261","https://www.lego.com/biassets/bi/6045774.pdf","https://www.lego.com/biassets/biimg/6045774.png","Tontos Campfire","BI 2001/ 2 - 30261 V29","30261-1","fire"
"7920","30261","https://www.lego.com/biassets/bi/6051946.pdf","https://www.lego.com/biassets/biimg/6051946.png","Tontos Campfire","BI 2001/ 2 - 30261 V39","30261-1","fire"
"7928","30265","https://www.lego.com/biassets/bi/6092193.pdf","https://www.lego.com/biassets/biimg/6092193.png","Worriz Fire Bike","BI 2001/ 2 -30265 V29","30265-1","fire"
"7929","30265","https://www.lego.com/biassets/bi/6092195.pdf","https://www.lego.com/biassets/biimg/6092195.png","Worriz Fire Bike","BI 2001/ 2 -30265 V39","30265-1","fire"
"8007","30338","https://www.lego.com/biassets/bi/6189033.pdf","https://www.lego.com/biassets/biimg/6189033.png","Fire Car","BI 2002/ 2, 30338 V29","30338-1","fire"
"8008","30338","https://www.lego.com/biassets/bi/6189034.pdf","https://www.lego.com/biassets/biimg/6189034.png","Fire Car","BI 2002/ 2, 30338 V39","30338-1","fire"
"8013","30347","https://www.lego.com/biassets/bi/6150653.pdf","https://www.lego.com/biassets/biimg/6150653.png","Fire Car","BI 2002/ 2, 30347 V29","30347-1","fire"
"8014","30347","https://www.lego.com/biassets/bi/6150654.pdf","https://www.lego.com/biassets/biimg/6150654.png","Fire Car","BI 2002/ 2, 30347 V39","30347-1","fire"
"8767","40182","https://www.lego.com/biassets/bi/6092574.pdf","https://www.lego.com/biassets/biimg/6092574.png","Bricktober Fire Station","BI 3003/28- 40182","40182-1","fire"
"9300","41175","https://www.lego.com/biassets/bi/6159442.pdf","https://www.lego.com/biassets/biimg/6159442.png","Fire Dragons Lava Cave","BI 3017 / 48 - 65g, 41175 1/2 V29","41175-1","fire"
"9301","41175","https://www.lego.com/biassets/bi/6159443.pdf","https://www.lego.com/biassets/biimg/6159443.png","Fire Dragons Lava Cave","BI 3017 / 48 - 65g, 41175 1/2 V39","41175-1","fire"
"9302","41175","https://www.lego.com/biassets/bi/6153578.pdf","https://www.lego.com/biassets/biimg/6153578.png","Fire Dragons Lava Cave","BI 3017 / 60 - 65g, 41175 2/2 V29","41175-1","fire"
"9303","41175","https://www.lego.com/biassets/bi/6153579.pdf","https://www.lego.com/biassets/biimg/6153579.png","Fire Dragons Lava Cave","BI 3017 / 60 - 65g, 41175 2/2 V39","41175-1","fire"
"9342","41192","https://www.lego.com/biassets/bi/6224793.pdf","https://www.lego.com/biassets/biimg/6224793.png","Azari & the Fire Lion Capture","BI 3004/40, 41192 2/2 V39","41192-1","fire"
"9343","41192","https://www.lego.com/biassets/bi/6232290.pdf","https://www.lego.com/biassets/biimg/6232290.png","Azari & the Fire Lion Capture","BI 3004 60, 41192 1/2 V39","41192-1","fire"
"9344","41192","https://www.lego.com/biassets/bi/6224791.pdf","https://www.lego.com/biassets/biimg/6224791.png","Azari & the Fire Lion Capture","BI 3004/40, 41192 2/2 V29","41192-1","fire"
"9345","41192","https://www.lego.com/biassets/bi/6232289.pdf","https://www.lego.com/biassets/biimg/6232289.png","Azari & the Fire Lion Capture","BI 3004 60, 41192 1/2 V29","41192-1","fire"
"9894","42040","https://www.lego.com/biassets/bi/6133209.pdf","https://www.lego.com/biassets/biimg/6133209.png","Fire Plane","BI 3019/104+4/65+200g - 42040 V29 2/2","42040-1","fire"
"9895","42040","https://www.lego.com/biassets/bi/6133210.pdf","https://www.lego.com/biassets/biimg/6133210.png","Fire Plane","BI 3019/104+4/65+200g - 42040 V39 2/2","42040-1","fire"
"9896","42040","https://www.lego.com/biassets/bi/6133207.pdf","https://www.lego.com/biassets/biimg/6133207.png","Fire Plane","BI 3019/116+4/65+200g - 42040 V29 1/2","42040-1","fire"
"9897","42040","https://www.lego.com/biassets/bi/6133208.pdf","https://www.lego.com/biassets/biimg/6133208.png","Fire Plane","BI 3019/116+4/65+200g - 42040 V39 1/2","42040-1","fire"
"10102","60000","https://www.lego.com/biassets/bi/6084392.pdf","https://www.lego.com/biassets/biimg/6084392.png","Fire Motorcycle","BI 3001/20 -  60000 V39","60000-1","fire"
"10103","60000","https://www.lego.com/biassets/bi/6084391.pdf","https://www.lego.com/biassets/biimg/6084391.png","Fire Motorcycle","BI 3001/20 - 60000 V29","60000-1","fire"
"10104","60000","https://www.lego.com/biassets/bi/6046385.pdf","https://www.lego.com/biassets/biimg/6046385.png","City Fire Value Pack","BI 3001/20 - 60000 V29","60000-1","fire"
"10105","60000","https://www.lego.com/biassets/bi/6046386.pdf","https://www.lego.com/biassets/biimg/6046386.png","Fire Motorcycle","No longer listed at LEGO.com","60000-1","fire"
"10106","60001","https://www.lego.com/biassets/bi/6033550.pdf","https://www.lego.com/biassets/biimg/6033550.png","Fire Chief Car","No longer listed at LEGO.com","60001-1","fire"
"10108","60001","https://www.lego.com/biassets/bi/6084393.pdf","https://www.lego.com/biassets/biimg/6084393.png","Fire Chief Car","BI 3003/32- 60001 V29","60001-1","fire"
"10109","60001","https://www.lego.com/biassets/bi/6084395.pdf","https://www.lego.com/biassets/biimg/6084395.png","Fire Chief Car","BI 3003/32- 60001 V39","60001-1","fire"
"10110","60002","https://www.lego.com/biassets/bi/6084399.pdf","https://www.lego.com/biassets/biimg/6084399.png","Fire Truck","BI 3004/76+4*-  60002 v39","60002-1","fire"
"10111","60002","https://www.lego.com/biassets/bi/6084398.pdf","https://www.lego.com/biassets/biimg/6084398.png","Fire Truck","BI 3004/76+4*- 60002 v29","60002-1","fire"
"10112","60002","https://www.lego.com/biassets/bi/6050880.pdf","https://www.lego.com/biassets/biimg/6050880.png","Fire Truck","No longer listed at LEGO.com","60002-1","fire"
"10113","60002","https://www.lego.com/biassets/bi/6050885.pdf","https://www.lego.com/biassets/biimg/6050885.png","Fire Truck","No longer listed at LEGO.com","60002-1","fire"
"10114","60003","https://www.lego.com/biassets/bi/6051322.pdf","https://www.lego.com/biassets/biimg/6051322.png","City Fire Value Pack","BI 3004/52, 60003 V29 2/2","60003-1","fire"
"10117","60003","https://www.lego.com/biassets/bi/6050887.pdf","https://www.lego.com/biassets/biimg/6050887.png","City Fire Value Pack","BI 3004/64+4-65*,60003 v29 1/2","60003-1","fire"
"10118","60003","https://www.lego.com/biassets/bi/6084400.pdf","https://www.lego.com/biassets/biimg/6084400.png","Fire Emergency","BI 3004/64+4-65*- 60003 v29 1/2","60003-1","fire"
"10119","60003","https://www.lego.com/biassets/bi/6084401.pdf","https://www.lego.com/biassets/biimg/6084401.png","Fire Emergency","BI 3004/64+4-65*- 60003 V39 1/2","60003-1","fire"
"10120","60004","https://www.lego.com/biassets/bi/6084492.pdf","https://www.lego.com/biassets/biimg/6084492.png","Fire Station","BI 3019/56-65G - 60004 V29 5/5","60004-1","fire"
"10121","60004","https://www.lego.com/biassets/bi/6084493.pdf","https://www.lego.com/biassets/biimg/6084493.png","Fire Station","BI 3019/56-65G - 60004 V39 5/5","60004-1","fire"
"10122","60004","https://www.lego.com/biassets/bi/6050905.pdf","https://www.lego.com/biassets/biimg/6050905.png","Fire Station","BI 3004/68+4*- 60004 V29 3/5","60004-1","fire"
"10123","60004","https://www.lego.com/biassets/bi/6050909.pdf","https://www.lego.com/biassets/biimg/6050909.png","Fire Station","BI 3004/68+4*- 60004 V39 3/5","60004-1","fire"
"10124","60004","https://www.lego.com/biassets/bi/6051354.pdf","https://www.lego.com/biassets/biimg/6051354.png","Fire Station","No longer listed at LEGO.com","60004-1","fire"
"10125","60004","https://www.lego.com/biassets/bi/6051321.pdf","https://www.lego.com/biassets/biimg/6051321.png","Fire Station","No longer listed at LEGO.com","60004-1","fire"
"10126","60004","https://www.lego.com/biassets/bi/6036348.pdf","https://www.lego.com/biassets/biimg/6036348.png","Fire Station","BI 3004/28 - 60004 V29 2/5","60004-1","fire"
"10127","60004","https://www.lego.com/biassets/bi/6036350.pdf","https://www.lego.com/biassets/biimg/6036350.png","Fire Station","BI 3004/28 - 60004 V39 2/5","60004-1","fire"
"10128","60004","https://www.lego.com/biassets/bi/6036345.pdf","https://www.lego.com/biassets/biimg/6036345.png","Fire Station","BI 3004/32 - 60004 V29 1/5","60004-1","fire"
"10129","60004","https://www.lego.com/biassets/bi/6036347.pdf","https://www.lego.com/biassets/biimg/6036347.png","Fire Station","BI 3004/32 - 60004 V39 1/5","60004-1","fire"
"10130","60004","https://www.lego.com/biassets/bi/6036355.pdf","https://www.lego.com/biassets/biimg/6036355.png","Fire Station","BI 3019/64+4*- 60004 V29 4/5","60004-1","fire"
"10131","60004","https://www.lego.com/biassets/bi/6036357.pdf","https://www.lego.com/biassets/biimg/6036357.png","Fire Station","BI 3019/64+4*- 60004 V39 4/5","60004-1","fire"
"10132","60005","https://www.lego.com/biassets/bi/6047575.pdf","https://www.lego.com/biassets/biimg/6047575.png","Fire Boat","BI 3004/32 - 60005 V29 1/2","60005-1","fire"
"10133","60005","https://www.lego.com/biassets/bi/6047576.pdf","https://www.lego.com/biassets/biimg/6047576.png","Fire Boat","BI 3004/32 - 60005 V39 1/2","60005-1","fire"
"10134","60005","https://www.lego.com/biassets/bi/6036364.pdf","https://www.lego.com/biassets/biimg/6036364.png","Fire Boat","BI 3004/52 - 60005 V29 2/2","60005-1","fire"
"10135","60005","https://www.lego.com/biassets/bi/6036365.pdf","https://www.lego.com/biassets/biimg/6036365.png","Fire Boat","BI 3004/52 - 60005 V39 2/2","60005-1","fire"
"10170","60010","https://www.lego.com/biassets/bi/6058359.pdf","https://www.lego.com/biassets/biimg/6058359.png","Fire Helicopter","BI 3017 / 40 - 65g, 60010 V29 1/2","60010-1","fire"
"10171","60010","https://www.lego.com/biassets/bi/6058362.pdf","https://www.lego.com/biassets/biimg/6058362.png","Fire Helicopter","BI 3017 / 40 - 65g, 60010 V39 1/2","60010-1","fire"
"10172","60010","https://www.lego.com/biassets/bi/6058364.pdf","https://www.lego.com/biassets/biimg/6058364.png","Fire Helicopter","BI 3017 / 60+4 - 65/115g, 60010 V29 2/2","60010-1","fire"
"10173","60010","https://www.lego.com/biassets/bi/6058365.pdf","https://www.lego.com/biassets/biimg/6058365.png","Fire Helicopter","BI 3017 / 60+4 - 65/115g, 60010 V39 2/2","60010-1","fire"
"10174","60010","https://www.lego.com/biassets/bi/6039823.pdf","https://www.lego.com/biassets/biimg/6039823.png","City Fire Value Pack","BI 3017 / 40 - 65g, 60010 V29 1/2","60010-1","fire"
"10175","60010","https://www.lego.com/biassets/bi/6039824.pdf","https://www.lego.com/biassets/biimg/6039824.png","Fire Helicopter","No longer listed at LEGO.com","60010-1","fire"
"10176","60010","https://www.lego.com/biassets/bi/6036607.pdf","https://www.lego.com/biassets/biimg/6036607.png","City Fire Value Pack","BI 3017 / 60 - 65g, 60010 V29 2/2","60010-1","fire"
"10177","60010","https://www.lego.com/biassets/bi/6036608.pdf","https://www.lego.com/biassets/biimg/6036608.png","Fire Helicopter","No longer listed at LEGO.com","60010-1","fire"
"10476","60061","https://www.lego.com/biassets/bi/6071463.pdf","https://www.lego.com/biassets/biimg/6071463.png","Airport Fire Truck","BI 3018 / 24  -60061 V39 2/2","60061-1","fire"
"10477","60061","https://www.lego.com/biassets/bi/6071462.pdf","https://www.lego.com/biassets/biimg/6071462.png","Airport Fire Truck","BI 3018/76+4-65+115G -60061 V39 1/2","60061-1","fire"
"10478","60061","https://www.lego.com/biassets/bi/6071461.pdf","https://www.lego.com/biassets/biimg/6071461.png","Airport Fire Truck","BI 3018 / 24  -60061 V29 2/2","60061-1","fire"
"10479","60061","https://www.lego.com/biassets/bi/6071459.pdf","https://www.lego.com/biassets/biimg/6071459.png","Airport Fire Truck","BI 3018/76+4-65+115G -60061 V29 1/2","60061-1","fire"
"10640","60088","https://www.lego.com/biassets/bi/6114246.pdf","https://www.lego.com/biassets/biimg/6114246.png","Fire Starter set","No longer listed at LEGO.com","60088-1","fire"
"10641","60088","https://www.lego.com/biassets/bi/6135548.pdf","https://www.lego.com/biassets/biimg/6135548.png","Fire Starter set","BI 3003/32-60088 V39","60088-1","fire"
"10642","60088","https://www.lego.com/biassets/bi/6135547.pdf","https://www.lego.com/biassets/biimg/6135547.png","Fire Starter set","BI 3003/32-60088 V29","60088-1","fire"
"10795","60105","https://www.lego.com/biassets/bi/6145879.pdf","https://www.lego.com/biassets/biimg/6145879.png","CITY Fire Value Pack","BI 3001/32, 60105 V29","60105-1","fire"
"10796","60105","https://www.lego.com/biassets/bi/6145884.pdf","https://www.lego.com/biassets/biimg/6145884.png","Fire ATV","BI 3001/32, 60105 V39","60105-1","fire"
"10797","60106","https://www.lego.com/biassets/bi/6146017.pdf","https://www.lego.com/biassets/biimg/6146017.png","Fire Starter Set","No longer listed at LEGO.com","60106-1","fire"
"10798","60106","https://www.lego.com/biassets/bi/6146015.pdf","https://www.lego.com/biassets/biimg/6146015.png","CITY Fire Value Pack","No longer listed at LEGO.com","60106-1","fire"
"10799","60106","https://www.lego.com/biassets/bi/6201466.pdf","https://www.lego.com/biassets/biimg/6201466.png","CITY Fire Value Pack","BI 3001, 40/65G, 60106 V29","60106-1","fire"
"10800","60106","https://www.lego.com/biassets/bi/6201467.pdf","https://www.lego.com/biassets/biimg/6201467.png","Fire Starter Set","BI 3001, 40/65G, 60106 V39","60106-1","fire"
"10801","60107","https://www.lego.com/biassets/bi/6147527.pdf","https://www.lego.com/biassets/biimg/6147527.png","CITY Fire Value Pack","BI 3004/80+4,60107 V29","60107-1","fire"
"10802","60107","https://www.lego.com/biassets/bi/6147538.pdf","https://www.lego.com/biassets/biimg/6147538.png","Fire Ladder Truck","BI 3004/80+4,60107V39","60107-1","fire"
"10803","60108","https://www.lego.com/biassets/bi/6150546.pdf","https://www.lego.com/biassets/biimg/6150546.png","Fire Response Unit","BI 3004/32, 60108 1/1 V 29","60108-1","fire"
"10804","60108","https://www.lego.com/biassets/bi/6150549.pdf","https://www.lego.com/biassets/biimg/6150549.png","Fire Response Unit","BI 3004/32, 60108 1/1 V 39","60108-1","fire"
"10805","60108","https://www.lego.com/biassets/bi/6150552.pdf","https://www.lego.com/biassets/biimg/6150552.png","Fire Response Unit","No longer listed at LEGO.com","60108-1","fire"
"10806","60108","https://www.lego.com/biassets/bi/6150553.pdf","https://www.lego.com/biassets/biimg/6150553.png","Fire Response Unit","No longer listed at LEGO.com","60108-1","fire"
"10807","60108","https://www.lego.com/biassets/bi/6201469.pdf","https://www.lego.com/biassets/biimg/6201469.png","Fire Response Unit","BI 3017/72+4, 65/115G, 60108 2/2 V29","60108-1","fire"
"10808","60108","https://www.lego.com/biassets/bi/6201471.pdf","https://www.lego.com/biassets/biimg/6201471.png","Fire Response Unit","BI 3017/72+4, 65/115G, 60108 2/2 V39","60108-1","fire"
"10809","60109","https://www.lego.com/biassets/bi/6153893.pdf","https://www.lego.com/biassets/biimg/6153893.png","Fire Boat","No longer listed at LEGO.com","60109-1","fire"
"10810","60109","https://www.lego.com/biassets/bi/6153892.pdf","https://www.lego.com/biassets/biimg/6153892.png","Fire Boat","No longer listed at LEGO.com","60109-1","fire"
"10811","60109","https://www.lego.com/biassets/bi/6150385.pdf","https://www.lego.com/biassets/biimg/6150385.png","Fire Boat","No longer listed at LEGO.com","60109-1","fire"
"10812","60109","https://www.lego.com/biassets/bi/6150386.pdf","https://www.lego.com/biassets/biimg/6150386.png","Fire Boat","No longer listed at LEGO.com","60109-1","fire"
"10813","60109","https://www.lego.com/biassets/bi/6150387.pdf","https://www.lego.com/biassets/biimg/6150387.png","Fire Boat","No longer listed at LEGO.com","60109-1","fire"
"10814","60109","https://www.lego.com/biassets/bi/6150388.pdf","https://www.lego.com/biassets/biimg/6150388.png","Fire Boat","No longer listed at LEGO.com","60109-1","fire"
"10815","60109","https://www.lego.com/biassets/bi/6201473.pdf","https://www.lego.com/biassets/biimg/6201473.png","Fire Boat","BI 3004 60/65G, 60109 1/3 V29","60109-1","fire"
"10816","60109","https://www.lego.com/biassets/bi/6201475.pdf","https://www.lego.com/biassets/biimg/6201475.png","Fire Boat","BI 3004 60/65G, 60109 1/3 V39","60109-1","fire"
"10817","60109","https://www.lego.com/biassets/bi/6201477.pdf","https://www.lego.com/biassets/biimg/6201477.png","Fire Boat","BI 3019/32-65G, 60109 2/3 V29","60109-1","fire"
"10818","60109","https://www.lego.com/biassets/bi/6201480.pdf","https://www.lego.com/biassets/biimg/6201480.png","Fire Boat","BI 3019/32-65G,60109 2/3V39","60109-1","fire"
"10819","60109","https://www.lego.com/biassets/bi/6201482.pdf","https://www.lego.com/biassets/biimg/6201482.png","Fire Boat","BI 3019/72+4*,60109 3/3V29","60109-1","fire"
"10820","60109","https://www.lego.com/biassets/bi/6201484.pdf","https://www.lego.com/biassets/biimg/6201484.png","Fire Boat","BI 3019/72+4*,60109 3/3V39","60109-1","fire"
"10821","60110","https://www.lego.com/biassets/bi/6153895.pdf","https://www.lego.com/biassets/biimg/6153895.png","Fire Station","No longer listed at LEGO.com","60110-1","fire"
"10822","60110","https://www.lego.com/biassets/bi/6153894.pdf","https://www.lego.com/biassets/biimg/6153894.png","Fire Station","No longer listed at LEGO.com","60110-1","fire"
"10823","60110","https://www.lego.com/biassets/bi/6153896.pdf","https://www.lego.com/biassets/biimg/6153896.png","Fire Station","No longer listed at LEGO.com","60110-1","fire"
"10824","60110","https://www.lego.com/biassets/bi/6153897.pdf","https://www.lego.com/biassets/biimg/6153897.png","Fire Station","No longer listed at LEGO.com","60110-1","fire"
"10825","60110","https://www.lego.com/biassets/bi/6153898.pdf","https://www.lego.com/biassets/biimg/6153898.png","Fire Station","No longer listed at LEGO.com","60110-1","fire"
"10826","60110","https://www.lego.com/biassets/bi/6153899.pdf","https://www.lego.com/biassets/biimg/6153899.png","Fire Station","No longer listed at LEGO.com","60110-1","fire"
"10827","60110","https://www.lego.com/biassets/bi/6150424.pdf","https://www.lego.com/biassets/biimg/6150424.png","Fire Station","BI 3019/76+4, 60110 5/5 V29","60110-1","fire"
"10828","60110","https://www.lego.com/biassets/bi/6150425.pdf","https://www.lego.com/biassets/biimg/6150425.png","Fire Station","BI 3019/76+4, 60110 5/5 V39","60110-1","fire"
"10829","60110","https://www.lego.com/biassets/bi/6153900.pdf","https://www.lego.com/biassets/biimg/6153900.png","Fire Station","No longer listed at LEGO.com","60110-1","fire"
"10830","60110","https://www.lego.com/biassets/bi/6153901.pdf","https://www.lego.com/biassets/biimg/6153901.png","Fire Station","No longer listed at LEGO.com","60110-1","fire"
"10831","60110","https://www.lego.com/biassets/bi/6201486.pdf","https://www.lego.com/biassets/biimg/6201486.png","Fire Station","BI 3004/28/65G, 60110 1/5 V29","60110-1","fire"
"10832","60110","https://www.lego.com/biassets/bi/6201489.pdf","https://www.lego.com/biassets/biimg/6201489.png","Fire Station","BI 3004/28/65G, 60110 1/5 V39","60110-1","fire"
"10833","60110","https://www.lego.com/biassets/bi/6201491.pdf","https://www.lego.com/biassets/biimg/6201491.png","Fire Station","BI 3004/44/65G, 60110 2/5 V29","60110-1","fire"
"10834","60110","https://www.lego.com/biassets/bi/6201494.pdf","https://www.lego.com/biassets/biimg/6201494.png","Fire Station","BI 3004/4465G, 60110 2/5 V39","60110-1","fire"
"10835","60110","https://www.lego.com/biassets/bi/6201496.pdf","https://www.lego.com/biassets/biimg/6201496.png","Fire Station","BI 3004/80+4/65+115G, 60110 3/5 V29","60110-1","fire"
"10836","60110","https://www.lego.com/biassets/bi/6201497.pdf","https://www.lego.com/biassets/biimg/6201497.png","Fire Station","BI 3004/80+4/65+115G, 60110 3/5 V39","60110-1","fire"
"10837","60110","https://www.lego.com/biassets/bi/6201499.pdf","https://www.lego.com/biassets/biimg/6201499.png","Fire Station","BI 3019/80+4/65+115G, 60110 4/5 V29","60110-1","fire"
"10838","60110","https://www.lego.com/biassets/bi/6201502.pdf","https://www.lego.com/biassets/biimg/6201502.png","Fire Station","BI 3019/80+465+115G, 60110 4/5 V39","60110-1","fire"
"10839","60111","https://www.lego.com/biassets/bi/6153902.pdf","https://www.lego.com/biassets/biimg/6153902.png","Fire Utility Truck","BI 3004/56 /65 g, 60111 1/2 V29","60111-1","fire"
"10840","60111","https://www.lego.com/biassets/bi/6153903.pdf","https://www.lego.com/biassets/biimg/6153903.png","Fire Utility Truck","BI 3004/56 /65 g, 60111 1/2 V39","60111-1","fire"
"10841","60111","https://www.lego.com/biassets/bi/6150577.pdf","https://www.lego.com/biassets/biimg/6150577.png","Fire Utility Truck","BI 3004/76+4, 60111 2/2 V29","60111-1","fire"
"10842","60111","https://www.lego.com/biassets/bi/6150578.pdf","https://www.lego.com/biassets/biimg/6150578.png","Fire Utility Truck","BI 3004/76+4, 60111 2/2 V39","60111-1","fire"
"10843","60112","https://www.lego.com/biassets/bi/6153905.pdf","https://www.lego.com/biassets/biimg/6153905.png","Fire Engine","BI 3004/56  /65 g, 60112 1/2 V39","60112-1","fire"
"10844","60112","https://www.lego.com/biassets/bi/6153904.pdf","https://www.lego.com/biassets/biimg/6153904.png","Fire Engine","BI 3004/56 /65 g, 60112 1/2 V29","60112-1","fire"
"10845","60112","https://www.lego.com/biassets/bi/6150606.pdf","https://www.lego.com/biassets/biimg/6150606.png","Fire Engine","BI 3017 / 80+4 - 65/115g, 60112 2/2 V29","60112-1","fire"
"10846","60112","https://www.lego.com/biassets/bi/6150609.pdf","https://www.lego.com/biassets/biimg/6150609.png","Fire Engine","BI 3017 / 80+4 - 65/115g, 60112 2/2 V39","60112-1","fire"
"11352","70100","https://www.lego.com/biassets/bi/6035456.pdf","https://www.lego.com/biassets/biimg/6035456.png","Ring of Fire","BI 3003/36-70100 V29/39","70100-1","fire"
"11353","70100","https://www.lego.com/biassets/bi/6035472.pdf","https://www.lego.com/biassets/biimg/6035472.png","Ring of Fire","BI 3003/36-70100 V29/39","70100-1","fire"
"11419","70135","https://www.lego.com/biassets/bi/6092279.pdf","https://www.lego.com/biassets/biimg/6092279.png","Craggers Fire Striker","BI 3004/64+4-65*- 70135 V29 1/2","70135-1","fire"
"11420","70135","https://www.lego.com/biassets/bi/6101191.pdf","https://www.lego.com/biassets/biimg/6101191.png","Craggers Fire Striker","BI 3017 / 48 - 65g - 70135 V29 2/2","70135-1","fire"
"11421","70135","https://www.lego.com/biassets/bi/6092280.pdf","https://www.lego.com/biassets/biimg/6092280.png","Craggers Fire Striker","BI 3004/64+4-65*- 70135 V39 1/2","70135-1","fire"
"11422","70135","https://www.lego.com/biassets/bi/6101192.pdf","https://www.lego.com/biassets/biimg/6101192.png","Craggers Fire Striker","BI 3017 / 48 - 65g - 70135 V39 2/2","70135-1","fire"
"11435","70142","https://www.lego.com/biassets/bi/6101197.pdf","https://www.lego.com/biassets/biimg/6101197.png","Eris Fire Eagle Flyer","BI 3018 / 80+4 / 65+115 - 70142 V29","70142-1","fire"
"11436","70142","https://www.lego.com/biassets/bi/6101200.pdf","https://www.lego.com/biassets/biimg/6101200.png","Eris Fire Eagle Flyer","BI 3018 / 80+4 / 65+115 - 70142 V39","70142-1","fire"
"11441","70144","https://www.lego.com/biassets/bi/6093594.pdf","https://www.lego.com/biassets/biimg/6093594.png","Lavals Fire Lion","BI 3017 / 60 - 65g - 70144 V29 2/2","70144-1","fire"
"11442","70144","https://www.lego.com/biassets/bi/6101203.pdf","https://www.lego.com/biassets/biimg/6101203.png","Lavals Fire Lion","BI 3017 / 80+4 - 65/115g - 70144 V29 1/2","70144-1","fire"
"11443","70144","https://www.lego.com/biassets/bi/6093595.pdf","https://www.lego.com/biassets/biimg/6093595.png","Lavals Fire Lion","BI 3017 / 60 - 65g - 70144 V39 2/2","70144-1","fire"
"11444","70144","https://www.lego.com/biassets/bi/6101204.pdf","https://www.lego.com/biassets/biimg/6101204.png","Lavals Fire Lion","BI 3017 / 80+4 - 65/115g - 70144 V39 1/2","70144-1","fire"
"11449","70146","https://www.lego.com/biassets/bi/6093710.pdf","https://www.lego.com/biassets/biimg/6093710.png","Flying Phoenix Fire Temple","BI 3016/56 - 70146 V29 2/3","70146-1","fire"
"11450","70146","https://www.lego.com/biassets/bi/6093707.pdf","https://www.lego.com/biassets/biimg/6093707.png","Flying Phoenix Fire Temple","BI 3017 / 64+4 - 65/115g - 70146 V29 1/3","70146-1","fire"
"11451","70146","https://www.lego.com/biassets/bi/6101207.pdf","https://www.lego.com/biassets/biimg/6101207.png","Flying Phoenix Fire Temple","BI 3019/80+4*- 70146 V29 3/3","70146-1","fire"
"11452","70146","https://www.lego.com/biassets/bi/6093711.pdf","https://www.lego.com/biassets/biimg/6093711.png","Flying Phoenix Fire Temple","BI 3016/56 - 70146 V39 2/3","70146-1","fire"
"11453","70146","https://www.lego.com/biassets/bi/6093709.pdf","https://www.lego.com/biassets/biimg/6093709.png","Flying Phoenix Fire Temple","BI 3017 / 64+4 - 65/115g - 70146 V39 1/3","70146-1","fire"
"11454","70146","https://www.lego.com/biassets/bi/6101209.pdf","https://www.lego.com/biassets/biimg/6101209.png","Flying Phoenix Fire Temple","BI 3019/80+4*- 70146 V39 3/3","70146-1","fire"
"11469","70156","https://www.lego.com/biassets/bi/6092838.pdf","https://www.lego.com/biassets/biimg/6092838.png","Fire vs. Ice","BI 3003/36-70156 V29","70156-1","fire"
"11470","70156","https://www.lego.com/biassets/bi/6092839.pdf","https://www.lego.com/biassets/biimg/6092839.png","Fire vs. Ice","BI 3003/36-70156 V39","70156-1","fire"
"11711","70500","https://www.lego.com/biassets/bi/6034819.pdf","https://www.lego.com/biassets/biimg/6034819.png","Kais Fire Mech","BI 3001/36-65G - 70500 V29 1/1","70500-1","fire"
"11712","70500","https://www.lego.com/biassets/bi/6034821.pdf","https://www.lego.com/biassets/biimg/6034821.png","Kais Fire Mech","BI 3001/36-65G - 70500 V39 1/1","70500-1","fire"
"11803","70615","https://www.lego.com/biassets/bi/6207816.pdf","https://www.lego.com/biassets/biimg/6207816.png","Fire Mech","BI 3016/164, 70615 V29","70615-1","fire"
"11804","70615","https://www.lego.com/biassets/bi/6207817.pdf","https://www.lego.com/biassets/biimg/6207817.png","Fire Mech","BI 3016/164, 70615 V39","70615-1","fire"
"12029","70783","https://www.lego.com/biassets/bi/6112429.pdf","https://www.lego.com/biassets/biimg/6112429.png","Protector of Fire","BI 3010/32 - 70783 V29","70783-1","fire"
"12030","70783","https://www.lego.com/biassets/bi/6112430.pdf","https://www.lego.com/biassets/biimg/6112430.png","Protector of Fire","BI 3010/32 70783 V39","70783-1","fire"
"12037","70787","https://www.lego.com/biassets/bi/6112681.pdf","https://www.lego.com/biassets/biimg/6112681.png","Tahu - Master of Fire","BI 3002/40 - 70787 V39","70787-1","fire"
"12038","70787","https://www.lego.com/biassets/bi/6112680.pdf","https://www.lego.com/biassets/biimg/6112680.png","Tahu - Master of Fire","BI 3002/40 -70787 V29","70787-1","fire"
"12345","71303","https://www.lego.com/biassets/bi/6147061.pdf","https://www.lego.com/biassets/biimg/6147061.png","Ikir Creature of Fire","BI 3010/40-65G, 71303 V29","71303-1","fire"
"12346","71303","https://www.lego.com/biassets/bi/6147062.pdf","https://www.lego.com/biassets/biimg/6147062.png","Ikir Creature of Fire","BI 3010/40-65G, 71303 V39","71303-1","fire"
"12355","71308","https://www.lego.com/biassets/bi/6147239.pdf","https://www.lego.com/biassets/biimg/6147239.png","Tahu Uniter of Fire","BI 3002 / 36, 71308 V29","71308-1","fire"
"12356","71308","https://www.lego.com/biassets/bi/6147240.pdf","https://www.lego.com/biassets/biimg/6147240.png","Tahu Uniter of Fire","BI 3002 / 36, 71308 V39","71308-1","fire"
"12572","75085","https://www.lego.com/biassets/bi/6119549.pdf","https://www.lego.com/biassets/biimg/6119549.png","Hailfire Droid ™","BI 3022/48-65G - 75085 V29","75085-1","fire"
"12573","75085","https://www.lego.com/biassets/bi/6119550.pdf","https://www.lego.com/biassets/biimg/6119550.png","Hailfire Droid ™","BI 3022/48-65G - 75085 V39","75085-1","fire"
"12904","75827","https://www.lego.com/biassets/bi/6164659.pdf","https://www.lego.com/biassets/biimg/6164659.png","Firehouse Headquarters","BI 3019, 416+4/65+200G, 75827 V29","75827-1","fire"
"12905","75827","https://www.lego.com/biassets/bi/6164663.pdf","https://www.lego.com/biassets/biimg/6164663.png","Firehouse Headquarters","BI 3019, 416+4/65+200G, 75827 V39","75827-1","fire"
